Type,Name,Request Count,Failure Count,Median Response Time,Average Response Time,Min Response Time,Max Response Time,Average Content Size,Requests/s,Failures/s,50%,66%,75%,80%,90%,95%,98%,99%,99.9%,99.99%,100%
GET,home,10777,0,340.0,379.73947798094554,329.69190005678684,2170.81469995901,4271.0,62.49906327550043,0.0,340,340,340,340,350,500,1400,1400,1700,2200,2200
GET,search_page,3692,0,340.0,376.63356538325064,329.88340000156313,1797.1487999893725,4271.0,21.411018058193154,0.0,340,340,340,340,350,470,1300,1400,1600,1800,1800
GET,st_health,7051,0,340.0,380.5214311304485,328.7634999724105,1800.5605000071228,4271.0,40.89086899466953,0.0,340,340,340,340,350,540,1400,1400,1600,1800,1800
,Aggregated,21520,0,340.0,379.4628293910968,328.7634999724105,2170.81469995901,4271.0,124.80095032836311,0.0,340,340,340,340,350,510,1400,1400,1600,2200,2200
