Type,Name,Request Count,Failure Count,Median Response Time,Average Response Time,Min Response Time,Max Response Time,Average Content Size,Requests/s,Failures/s,50%,66%,75%,80%,90%,95%,98%,99%,99.9%,99.99%,100%
GET,home,15349,0,340.0,350.33776252480607,330.14930004719645,2169.6485999273136,4271.0,25.613428262461976,0.0,340,340,340,340,350,350,440,580,1500,2000,2200
GET,search_page,5195,0,340.0,352.113946892063,332.5571999885142,1721.7628000071272,4271.0,8.669083316404324,0.0,340,340,340,340,350,350,480,630,1500,1700,1700
GET,st_health,10221,0,340.0,350.775477116477,331.2150000128895,1870.285600074567,4271.0,17.056150255431877,0.0,340,340,340,340,350,350,430,570,1500,1800,1900
,Aggregated,30765,0,340.0,350.78311141573624,330.14930004719645,2169.6485999273136,4271.0,51.33866183429818,0.0,340,340,340,340,350,350,440,580,1500,1800,2200
