Type,Name,Request Count,Failure Count,Median Response Time,Average Response Time,Min Response Time,Max Response Time,Average Content Size,Requests/s,Failures/s,50%,66%,75%,80%,90%,95%,98%,99%,99.9%,99.99%,100%
GET,home,10297,0,340.0,353.296994599994,331.24580001458526,2054.445799905807,4271.0,17.209781513451464,0.0,340,340,340,340,350,350,510,660,1500,2100,2100
GET,search_page,3418,0,340.0,350.8982134289084,331.2863000901416,1881.1855999520048,4271.0,5.7126379734852,0.0,340,340,340,340,350,350,460,580,1500,1900,1900
GET,st_health,6940,0,340.0,352.519180922922,331.5390999196097,1891.1230999510735,4271.0,11.599095241658071,0.0,340,340,340,340,350,350,500,650,1500,1900,1900
,Aggregated,20655,0,340.0,352.6387006778613,331.24580001458526,2054.445799905807,4271.0,34.52151472859473,0.0,340,340,340,340,350,350,500,640,1500,1900,2100
