Type,Name,Request Count,Failure Count,Median Response Time,Average Response Time,Min Response Time,Max Response Time,Average Content Size,Requests/s,Failures/s,50%,66%,75%,80%,90%,95%,98%,99%,99.9%,99.99%,100%
GET,home,10356,0,340.0,354.8966386545798,329.55590006895363,2922.519200015813,4271.0,17.299647341784627,0.0,340,340,340,340,350,360,570,730,1500,2800,2900
GET,search_page,3414,0,340.0,356.84713998343113,329.1151000885293,2788.3138000033796,4271.0,5.703070299811966,0.0,340,340,340,340,350,380,590,840,1500,2800,2800
GET,st_health,6895,0,340.0,354.75754230695173,329.23170004505664,2844.512899988331,4271.0,11.518063771881518,0.0,340,340,340,340,350,370,580,730,1600,2800,2800
,Aggregated,20665,0,340.0,355.1724645544009,329.1151000885293,2922.519200015813,4271.0,34.52078141347811,0.0,340,340,340,340,350,370,580,740,1600,2800,2900
