Type,Name,Request Count,Failure Count,Median Response Time,Average Response Time,Min Response Time,Max Response Time,Average Content Size,Requests/s,Failures/s,50%,66%,75%,80%,90%,95%,98%,99%,99.9%,99.99%,100%
GET,home,5211,0,340.0,349.98958618216597,331.949400017038,1539.374699932523,4271.0,8.69860684408071,0.0,340,340,340,340,350,350,450,600,1500,1500,1500
GET,search_page,1781,0,340.0,352.15001852741307,330.8393000625074,1513.7247999664396,4271.0,2.972983839821098,0.0,340,340,340,340,350,350,460,640,1500,1500,1500
GET,st_health,3426,0,340.0,352.4190332162614,331.1460999539122,1563.1958999438211,4271.0,5.718945892884381,0.0,340,340,340,340,350,350,460,680,1400,1600,1600
,Aggregated,10418,0,340.0,351.1578541362547,330.8393000625074,1563.1958999438211,4271.0,17.39053657678619,0.0,340,340,340,340,350,350,460,630,1500,1500,1600
