Type,Name,Request Count,Failure Count,Median Response Time,Average Response Time,Min Response Time,Max Response Time,Average Content Size,Requests/s,Failures/s,50%,66%,75%,80%,90%,95%,98%,99%,99.9%,99.99%,100%
GET,home,5233,0,340.0,352.54662639016794,330.16639994457364,1590.0424999417737,4271.0,8.750618735961364,0.0,340,340,340,340,350,360,530,670,1500,1600,1600
GET,search_page,1761,0,340.0,350.87531419777116,329.7368000494316,1581.8803999572992,4271.0,2.944742899680482,0.0,340,340,340,340,350,360,510,620,1400,1600,1600
GET,st_health,3388,0,340.0,353.76957547146503,329.979500034824,1467.8724000696093,4271.0,5.665411098306345,0.0,340,340,340,340,350,360,570,720,1400,1500,1500
,Aggregated,10382,0,340.0,352.6622274994556,329.7368000494316,1590.0424999417737,4271.0,17.360772733948192,0.0,340,340,340,340,350,360,540,680,1500,1600,1600
