Type,Name,Request Count,Failure Count,Median Response Time,Average Response Time,Min Response Time,Max Response Time,Average Content Size,Requests/s,Failures/s,50%,66%,75%,80%,90%,95%,98%,99%,99.9%,99.99%,100%
GET,home,535,0,340.0,377.8689788813294,334.2103000031784,7870.486000087112,4271.0,0.8942210383328849,0.0,340,340,340,350,350,360,670,1300,7900,7900,7900
GET,search_page,175,0,340.0,363.0875188591225,334.548799903132,1625.5016000941396,4271.0,0.2925022088004764,0.0,340,340,340,350,350,420,560,1500,1600,1600,1600
GET,st_health,344,0,340.0,382.5293715114619,333.54280004277825,3505.2349000470713,4271.0,0.5749757704420793,0.0,340,340,340,350,350,380,1000,1500,3500,3500,3500
,Aggregated,1054,0,340.0,376.9357906089189,333.54280004277825,7870.486000087112,4271.0,1.7616990175754406,0.0,340,340,340,350,350,380,670,1500,3500,7900,7900
