Type,Name,Request Count,Failure Count,Median Response Time,Average Response Time,Min Response Time,Max Response Time,Average Content Size,Requests/s,Failures/s,50%,66%,75%,80%,90%,95%,98%,99%,99.9%,99.99%,100%
GET,home,2084,0,340.0,369.00152264936247,331.35920006316155,3417.600900051184,4271.0,3.481775994951761,0.0,340,340,340,340,350,350,650,1500,3300,3400,3400
GET,search_page,678,0,340.0,360.958029499386,333.3599000470713,2714.9965999415144,4271.0,1.1327467008528282,0.0,340,340,340,340,350,350,440,1400,2700,2700,2700
GET,st_health,1388,0,340.0,355.170920100875,331.9304999895394,3541.5997999953106,4271.0,2.3189563728373535,0.0,340,340,340,340,350,350,430,640,2600,3500,3500
,Aggregated,4150,0,340.0,363.0616757353902,331.35920006316155,3541.5997999953106,4271.0,6.933479068641942,0.0,340,340,340,340,350,350,540,1000,2900,3500,3500
