Type,Name,Request Count,Failure Count,Median Response Time,Average Response Time,Min Response Time,Max Response Time,Average Content Size,Requests/s,Failures/s,50%,66%,75%,80%,90%,95%,98%,99%,99.9%,99.99%,100%
GET,home,10187,0,340.0,383.9747108382126,329.4202999677509,30346.211099997163,4271.0,17.024499151414638,0.0,340,340,340,340,350,380,630,1300,7700,30000,30000
GET,search_page,3385,0,340.0,380.16924904002514,329.4641999527812,10657.455699983984,4271.0,5.657006933104795,0.0,340,340,340,340,350,390,680,1400,7400,11000,11000
GET,st_health,6805,0,340.0,387.2862292578701,329.7644999111071,30345.56679998059,4271.0,11.37250581381924,0.0,340,340,340,340,350,410,740,1400,7500,30000,30000
,Aggregated,20377,0,340.0,384.44845057708017,329.4202999677509,30346.211099997163,4271.0,34.05401189833867,0.0,340,340,340,340,350,390,670,1400,7500,30000,30000
