Type,Name,Request Count,Failure Count,Median Response Time,Average Response Time,Min Response Time,Max Response Time,Average Content Size,Requests/s,Failures/s,50%,66%,75%,80%,90%,95%,98%,99%,99.9%,99.99%,100%
GET,home,38298,0,340.0,417.51665325354816,327.7928999159485,14564.715399988927,4271.0,63.9278217587262,0.0,340,340,340,340,350,460,810,1600,14000,14000,15000
GET,search_page,12521,0,340.0,422.0220281608405,328.60119990073144,14169.269499951042,4271.0,20.90031480079928,0.0,340,340,340,340,350,440,830,1600,14000,14000,14000
GET,st_health,25232,0,340.0,416.83519455086105,328.94589996431023,14202.910399995744,4271.0,42.11778157126167,0.0,340,340,340,340,350,440,850,1500,14000,14000,14000
,Aggregated,76051,0,340.0,418.0323234383928,327.7928999159485,14564.715399988927,4271.0,126.94591813078716,0.0,340,340,340,340,350,450,830,1500,14000,14000,15000
