Type,Name,Request Count,Failure Count,Median Response Time,Average Response Time,Min Response Time,Max Response Time,Average Content Size,Requests/s,Failures/s,50%,66%,75%,80%,90%,95%,98%,99%,99.9%,99.99%,100%
GET,home,15180,10,340.0,477.7908972857691,329.2105000000447,30344.425500021316,4268.331884057971,32.31245016268029,0.021286199053149074,340,340,340,340,350,480,1700,4800,19000,30000,30000
GET,search_page,5060,0,340.0,453.54275677791196,329.56650003325194,19155.91389988549,4271.0,10.77081672089343,0.0,340,340,340,340,350,460,1400,3500,17000,19000,19000
GET,st_health,10090,7,340.0,465.413304350553,329.5887999702245,30345.155999995768,4268.184638255699,21.477774844627415,0.014900339337204352,340,340,340,340,350,460,1500,4800,15000,30000,30000
,Aggregated,30330,17,340.0,469.62784078441683,329.2105000000447,30345.155999995768,4268.728025057699,64.56104172820113,0.03618653839035342,340,340,340,340,350,470,1500,4800,19000,30000,30000
