Type,Name,Request Count,Failure Count,Median Response Time,Average Response Time,Min Response Time,Max Response Time,Average Content Size,Requests/s,Failures/s,50%,66%,75%,80%,90%,95%,98%,99%,99.9%,99.99%,100%
GET,home,29523,0,340.0,376.22403678459546,328.8512999424711,30374.919300084002,4271.0,49.25717002212656,0.0,340,340,340,340,350,380,530,720,4800,30000,30000
GET,search_page,10119,0,340.0,368.89231750202356,329.1688000317663,30343.995700008236,4271.0,16.882881260505325,0.0,340,340,340,340,350,380,550,750,4800,30000,30000
GET,st_health,19696,1,340.0,373.47453716463406,329.3810000177473,30359.518100041896,4270.800010154346,32.86147142078396,0.0016684337642558873,340,340,340,340,350,380,550,760,4800,30000,30000
,Aggregated,59338,1,340.0,374.0611089485537,328.8512999424711,30374.919300084002,4270.933617580639,99.00152270341584,0.0016684337642558873,340,340,340,340,350,380,540,740,4800,30000,30000
