Type,Name,Request Count,Failure Count,Median Response Time,Average Response Time,Min Response Time,Max Response Time,Average Content Size,Requests/s,Failures/s,50%,66%,75%,80%,90%,95%,98%,99%,99.9%,99.99%,100%
GET,home,7647,0,340.0,353.75558421508623,330.5400999961421,1584.1608999762684,4271.0,12.77445787949256,0.0,340,340,340,340,350,360,530,640,1500,1600,1600
GET,search_page,2657,0,340.0,351.27156710615475,330.40770003572106,1525.7481000153348,4271.0,4.438568665595885,0.0,340,340,340,340,350,360,500,630,1500,1500,1500
GET,st_health,5280,0,340.0,353.0434344504267,331.6349999513477,1573.400599998422,4271.0,8.820339689253396,0.0,340,340,340,340,350,360,530,650,1500,1600,1600
,Aggregated,15584,0,340.0,353.0907880000045,330.40770003572106,1584.1608999762684,4271.0,26.03336623434184,0.0,340,340,340,340,350,360,520,640,1500,1600,1600
