Type,Name,Request Count,Failure Count,Median Response Time,Average Response Time,Min Response Time,Max Response Time,Average Content Size,Requests/s,Failures/s,50%,66%,75%,80%,90%,95%,98%,99%,99.9%,99.99%,100%
GET,home,10346,0,340.0,352.15572734381743,329.57589998841286,2052.9313000151888,4271.0,17.273932899303617,0.0,340,340,340,340,350,350,520,680,1400,2000,2100
GET,search_page,3420,0,340.0,351.14875046627554,330.22550004534423,1993.8565000193194,4271.0,5.71011507013516,0.0,340,340,340,340,350,350,530,690,1400,2000,2000
GET,st_health,6889,0,340.0,348.9843738859968,330.34970005974174,1559.5882999477908,4271.0,11.502041730456467,0.0,340,340,340,340,340,350,490,620,1400,1600,1600
,Aggregated,20655,0,340.0,350.9312628126085,329.57589998841286,2052.9313000151888,4271.0,34.486089699895246,0.0,340,340,340,340,350,350,510,650,1400,2000,2100
