Type,Name,Request Count,Failure Count,Median Response Time,Average Response Time,Min Response Time,Max Response Time,Average Content Size,Requests/s,Failures/s,50%,66%,75%,80%,90%,95%,98%,99%,99.9%,99.99%,100%
GET,home,20270,2,340.0,355.3972861960383,329.06909997109324,1902.5684000225738,4270.5839171188945,33.846965872449466,0.003339611827572715,340,340,340,340,350,400,580,730,1300,1900,1900
GET,search_page,6768,2,340.0,355.11574404469724,330.2067000186071,1423.9947999594733,4269.753841607565,11.301246424506067,0.003339611827572715,340,340,340,340,350,420,580,690,1300,1400,1400
GET,st_health,13609,2,340.0,355.7526098467655,329.3821000261232,1895.4067999729887,4270.38026306121,22.72438868071854,0.003339611827572715,340,340,340,340,350,400,580,730,1400,1900,1900
,Aggregated,40647,6,340.0,355.4693732450819,329.06909997109324,1902.5684000225738,4270.377518636062,67.87260097767407,0.010018835482718145,340,340,340,340,350,400,580,720,1300,1900,1900
