Type,Name,Request Count,Failure Count,Median Response Time,Average Response Time,Min Response Time,Max Response Time,Average Content Size,Requests/s,Failures/s,50%,66%,75%,80%,90%,95%,98%,99%,99.9%,99.99%,100%
GET,home,21446,0,340.0,474.45737798645234,329.47810005862266,32440.011500031687,4271.0,46.83186349898562,0.0,340,340,340,340,350,420,1400,3200,30000,31000,32000
GET,search_page,7212,0,340.0,490.33866035745865,329.50410002376884,31359.523299965076,4271.0,15.748922855296293,0.0,340,340,340,340,350,430,1400,3500,30000,31000,31000
GET,st_health,14579,0,340.0,463.70742572206234,329.254399985075,36609.45220000576,4271.0,31.836320896750504,0.0,340,340,340,340,350,440,1400,3200,30000,33000,37000
,Aggregated,43237,0,340.0,473.48164549801027,329.254399985075,36609.45220000576,4271.0,94.41710725103242,0.0,340,340,340,340,350,430,1400,3300,30000,31000,37000
