Type,Name,Request Count,Failure Count,Median Response Time,Average Response Time,Min Response Time,Max Response Time,Average Content Size,Requests/s,Failures/s,50%,66%,75%,80%,90%,95%,98%,99%,99.9%,99.99%,100%
GET,home,20222,1,340.0,365.48797077413184,329.1343000018969,34735.3155000601,4270.805212145188,33.94475570579039,0.001678605266827732,340,340,340,340,350,370,550,700,3600,30000,35000
GET,search_page,6527,0,340.0,367.9683513557905,329.24410002306104,30340.75059997849,4271.0,10.956256576584606,0.0,340,340,340,340,350,360,540,740,3600,30000,30000
GET,st_health,13358,0,340.0,361.2099333879539,329.0318000363186,30341.657000011764,4271.0,22.422809154284842,0.0,340,340,340,340,350,360,550,810,3300,4800,30000
,Aggregated,40107,1,340.0,364.4667879544731,329.0318000363186,34735.3155000601,4270.901787717855,67.32382143665984,0.001678605266827732,340,340,340,340,350,370,550,730,3500,30000,35000
