Type,Name,Request Count,Failure Count,Median Response Time,Average Response Time,Min Response Time,Max Response Time,Average Content Size,Requests/s,Failures/s,50%,66%,75%,80%,90%,95%,98%,99%,99.9%,99.99%,100%
GET,home,14917,1,340.0,442.11621277700823,328.7764999549836,60144.86980007496,4270.7359388617015,24.909275944527266,0.001669858278777721,340,340,340,340,350,410,660,1400,30000,31000,60000
GET,search_page,5001,0,340.0,415.7540256339461,329.3629999971017,30344.01329990942,4271.0,8.350961252167384,0.0,340,340,340,340,350,420,650,1400,19000,30000,30000
GET,st_health,10013,0,340.0,436.93098921438906,328.51319992914796,32413.02950005047,4271.0,16.72029094540132,0.0,340,340,340,340,350,410,660,1400,30000,30000,32000
,Aggregated,29931,1,340.0,435.97686088649175,328.51319992914796,60144.86980007496,4270.868397313822,49.98052814209597,0.001669858278777721,340,340,340,340,350,410,660,1400,30000,31000,60000
